{"cameraMode":{"drawMode":0,"name":"Shaded","section":"Shading Mode"},"sceneLighting":true,"audioPlay":false,"sceneViewState":{"m_AlwaysRefresh":false,"showFog":true,"showSkybox":true,"showFlares":true,"showImageEffects":true,"showParticleSystems":true,"showVisualEffectGraphs":true,"m_FxEnabled":true},"in2DMode":false,"pivot":{"x":-13.175373077392579,"y":26.27733612060547,"z":-11.963253021240235},"rotation":{"x":-0.32121771574020388,"y":0.41798561811447146,"z":-0.16097740828990937,"w":-0.8344302773475647},"size":50.19290542602539,"orthographic":true}